{"cameraMode":{"drawMode":0,"name":"Shaded","section":"Shading Mode"},"sceneLighting":true,"audioPlay":false,"sceneViewState":{"m_AlwaysRefresh":false,"showFog":true,"showSkybox":true,"showFlares":true,"showImageEffects":true,"showParticleSystems":true,"showVisualEffectGraphs":true,"m_FxEnabled":true},"in2DMode":false,"pivot":{"x":-10.302581787109375,"y":15.929679870605469,"z":132.73944091796876},"rotation":{"x":0.31884223222732546,"y":0.621221125125885,"z":-0.30608952045440676,"w":0.6471003293991089},"size":75.73733520507813,"orthographic":false}