{"cameraMode":{"drawMode":0,"name":"Shaded","section":"Shading Mode"},"sceneLighting":true,"audioPlay":false,"sceneViewState":{"m_AlwaysRefresh":false,"showFog":true,"showSkybox":true,"showFlares":true,"showImageEffects":true,"showParticleSystems":true,"showVisualEffectGraphs":true,"m_FxEnabled":true},"in2DMode":false,"pivot":{"x":110.29059600830078,"y":470.14892578125,"z":-231.54454040527345},"rotation":{"x":-0.3843441903591156,"y":0.004427873995155096,"z":-0.0018455636454746128,"w":-0.9231841564178467},"size":4.893542289733887,"orthographic":false}