{"cameraMode":{"drawMode":0,"name":"Shaded","section":"Shading Mode"},"sceneLighting":true,"audioPlay":false,"sceneViewState":{"m_AlwaysRefresh":false,"showFog":true,"showSkybox":true,"showFlares":true,"showImageEffects":true,"showParticleSystems":true,"showVisualEffectGraphs":true,"m_FxEnabled":true},"in2DMode":false,"pivot":{"x":5.463233947753906,"y":-1.7941675186157227,"z":158.51564025878907},"rotation":{"x":-0.0749218538403511,"y":0.015251779928803444,"z":0.0011478421511128545,"w":0.9970777034759522},"size":6.071400165557861,"orthographic":false}