{"cameraMode":{"drawMode":0,"name":"Shaded","section":"Shading Mode"},"sceneLighting":true,"audioPlay":false,"sceneViewState":{"m_AlwaysRefresh":false,"showFog":true,"showSkybox":true,"showFlares":true,"showImageEffects":true,"showParticleSystems":true,"showVisualEffectGraphs":true,"m_FxEnabled":true},"in2DMode":false,"pivot":{"x":-138.03028869628907,"y":-13.504255294799805,"z":166.55255126953126},"rotation":{"x":0.19721201062202454,"y":-0.6033360958099365,"z":0.15727579593658448,"w":0.7565510869026184},"size":162.87367248535157,"orthographic":false}