{"cameraMode":{"drawMode":0,"name":"Shaded","section":"Shading Mode"},"sceneLighting":true,"audioPlay":false,"sceneViewState":{"m_AlwaysRefresh":false,"showFog":true,"showSkybox":true,"showFlares":true,"showImageEffects":true,"showParticleSystems":true,"showVisualEffectGraphs":true,"m_FxEnabled":true},"in2DMode":false,"pivot":{"x":10.659656524658204,"y":2.0622243881225588,"z":10.870664596557618},"rotation":{"x":-0.21503587067127229,"y":0.1392008662223816,"z":-0.030981415882706643,"w":-0.9661499857902527},"size":9.776335716247559,"orthographic":false}